https://events.framer.com/script?v=2	assets/bc44eb0d5d8cecc6f6389932d3fe579bfbd89e8e_script.bin	https://events.framer.com/script?v=2
https://fonts.gstatic.com/s/fragmentmono/v6/4iCr6K5wfMRRjxp0DA6-2CLnB41HhrUI.woff2	assets/96ad20c2b48c4a3429f1ad29b8f647500f1916b1_4iCr6K5wfMRRjxp0DA6-2CLnB41HhrUI.woff2	https://fonts.gstatic.com/s/fragmentmono/v6/4iCr6K5wfMRRjxp0DA6-2CLnB41HhrUI.woff2
https://fonts.gstatic.com/s/fragmentmono/v6/4iCr6K5wfMRRjxp0DA6-2CLnB45HhrUI.woff2	assets/e94a0781c7f8ee2583170d65684c7ea63c9f3aef_4iCr6K5wfMRRjxp0DA6-2CLnB45HhrUI.woff2	https://fonts.gstatic.com/s/fragmentmono/v6/4iCr6K5wfMRRjxp0DA6-2CLnB45HhrUI.woff2
https://fonts.gstatic.com/s/fragmentmono/v6/4iCr6K5wfMRRjxp0DA6-2CLnB4NHhg.woff2	assets/321275ae590aa42ae93f8030b50ba76ae2d52d0f_4iCr6K5wfMRRjxp0DA6-2CLnB4NHhg.woff2	https://fonts.gstatic.com/s/fragmentmono/v6/4iCr6K5wfMRRjxp0DA6-2CLnB4NHhg.woff2
https://framer.com/edit/init.mjs	assets/2d1121cbef25e803d3d9c423189b099b49ac1424_init.mjs	https://framer.com/edit/init.mjs
https://framerusercontent.com/assets/05KsVHGDmqXSBXM4yRZ65P8i0s.woff2	assets/aaed3c06be450a0a1a5b3d3c6976cb8d01a8b5d6_05KsVHGDmqXSBXM4yRZ65P8i0s.woff2	https://framerusercontent.com/assets/05KsVHGDmqXSBXM4yRZ65P8i0s.woff2
https://framerusercontent.com/assets/1K3W8DizY3v4emK8Mb08YHxTbs.woff2	assets/be91894f01be09f673c1db5e9cc6f6a8028488f4_1K3W8DizY3v4emK8Mb08YHxTbs.woff2	https://framerusercontent.com/assets/1K3W8DizY3v4emK8Mb08YHxTbs.woff2
https://framerusercontent.com/assets/2A4Xx7CngadFGlVV4xrO06OBHY.woff2	assets/be47bff5d1b525eef678b301ef051982bbf436e6_2A4Xx7CngadFGlVV4xrO06OBHY.woff2	https://framerusercontent.com/assets/2A4Xx7CngadFGlVV4xrO06OBHY.woff2
https://framerusercontent.com/assets/3ZmXbBKToJifDV9gwcifVd1tEY.woff2	assets/d49354010dbbe717e97224993f1b21aada1a7d9e_3ZmXbBKToJifDV9gwcifVd1tEY.woff2	https://framerusercontent.com/assets/3ZmXbBKToJifDV9gwcifVd1tEY.woff2
https://framerusercontent.com/assets/43sJ6MfOPh1LCJt46OvyDuSbA6o.woff2	assets/8e7d41d9470af589902ec0d4ab2d317908d0a142_43sJ6MfOPh1LCJt46OvyDuSbA6o.woff2	https://framerusercontent.com/assets/43sJ6MfOPh1LCJt46OvyDuSbA6o.woff2
https://framerusercontent.com/assets/4RAEQdEOrcnDkhHiiCbJOw92Lk.woff2	assets/3be39f5de46f428cca4871292c14d4feaa415617_4RAEQdEOrcnDkhHiiCbJOw92Lk.woff2	https://framerusercontent.com/assets/4RAEQdEOrcnDkhHiiCbJOw92Lk.woff2
https://framerusercontent.com/assets/5HcVoGak8k5agFJSaKa4floXVu0.woff2	assets/bc2a9ceee87fd2bd4220b26efc2e4d92bbe25421_5HcVoGak8k5agFJSaKa4floXVu0.woff2	https://framerusercontent.com/assets/5HcVoGak8k5agFJSaKa4floXVu0.woff2
https://framerusercontent.com/assets/5vvr9Vy74if2I6bQbJvbw7SY1pQ.woff2	assets/197dd743787c17b17fe05edde6256b8e7b21c7c3_5vvr9Vy74if2I6bQbJvbw7SY1pQ.woff2	https://framerusercontent.com/assets/5vvr9Vy74if2I6bQbJvbw7SY1pQ.woff2
https://framerusercontent.com/assets/6FI2EneKzM3qBy5foOZXey7coCA.woff2	assets/88e3ebffd7c21dc2e563c016fac3cf774731aaca_6FI2EneKzM3qBy5foOZXey7coCA.woff2	https://framerusercontent.com/assets/6FI2EneKzM3qBy5foOZXey7coCA.woff2
https://framerusercontent.com/assets/867QObYax8ANsfX4TGEVU9YiCM.woff2	assets/1a94ddb4e1dbe10ed65167d268027d292441b984_867QObYax8ANsfX4TGEVU9YiCM.woff2	https://framerusercontent.com/assets/867QObYax8ANsfX4TGEVU9YiCM.woff2
https://framerusercontent.com/assets/A0Wcc7NgXMjUuFdquHDrIZpzZw0.woff2	assets/619644a6a41d2bbb53a6c7bfe99f92f5c2b92b93_A0Wcc7NgXMjUuFdquHDrIZpzZw0.woff2	https://framerusercontent.com/assets/A0Wcc7NgXMjUuFdquHDrIZpzZw0.woff2
https://framerusercontent.com/assets/CfMzU8w2e7tHgF4T4rATMPuWosA.woff2	assets/fb0edde26100bab3294061ec111322c38447310f_CfMzU8w2e7tHgF4T4rATMPuWosA.woff2	https://framerusercontent.com/assets/CfMzU8w2e7tHgF4T4rATMPuWosA.woff2
https://framerusercontent.com/assets/DOfvtmE1UplCq161m6Hj8CSQYg.woff2	assets/90f4958b2feaed7a7d7de34224b77f400fc3ecf2_DOfvtmE1UplCq161m6Hj8CSQYg.woff2	https://framerusercontent.com/assets/DOfvtmE1UplCq161m6Hj8CSQYg.woff2
https://framerusercontent.com/assets/DpPBYI0sL4fYLgAkX8KXOPVt7c.woff2	assets/9f76c3a5f7caf6436862be21ba59667f5388016a_DpPBYI0sL4fYLgAkX8KXOPVt7c.woff2	https://framerusercontent.com/assets/DpPBYI0sL4fYLgAkX8KXOPVt7c.woff2
https://framerusercontent.com/assets/EOr0mi4hNtlgWNn9if640EZzXCo.woff2	assets/f3fd018548abafb16ed7bc7fda610d5715e2f6aa_EOr0mi4hNtlgWNn9if640EZzXCo.woff2	https://framerusercontent.com/assets/EOr0mi4hNtlgWNn9if640EZzXCo.woff2
https://framerusercontent.com/assets/FNfhX3dt4ChuLJq2PwdlxHO7PU.woff2	assets/6c8a1019843e952c5bcf82c1c5e83219b40dfff7_FNfhX3dt4ChuLJq2PwdlxHO7PU.woff2	https://framerusercontent.com/assets/FNfhX3dt4ChuLJq2PwdlxHO7PU.woff2
https://framerusercontent.com/assets/GIryZETIX4IFypco5pYZONKhJIo.woff2	assets/bcff39a6db6d6a71e930e77fd7572bab7609285a_GIryZETIX4IFypco5pYZONKhJIo.woff2	https://framerusercontent.com/assets/GIryZETIX4IFypco5pYZONKhJIo.woff2
https://framerusercontent.com/assets/GrgcKwrN6d3Uz8EwcLHZxwEfC4.woff2	assets/d2835f64bac061e96e47a42e087b40c4ac422692_GrgcKwrN6d3Uz8EwcLHZxwEfC4.woff2	https://framerusercontent.com/assets/GrgcKwrN6d3Uz8EwcLHZxwEfC4.woff2
https://framerusercontent.com/assets/H89BbHkbHDzlxZzxi8uPzTsp90.woff2	assets/e1fb1f6952b2dc0bb1f2904932bd2185501cf0b1_H89BbHkbHDzlxZzxi8uPzTsp90.woff2	https://framerusercontent.com/assets/H89BbHkbHDzlxZzxi8uPzTsp90.woff2
https://framerusercontent.com/assets/JeYwfuaPfZHQhEG8U5gtPDZ7WQ.woff2	assets/418c934c0013e5e256b23517bcfee3f8185122a7_JeYwfuaPfZHQhEG8U5gtPDZ7WQ.woff2	https://framerusercontent.com/assets/JeYwfuaPfZHQhEG8U5gtPDZ7WQ.woff2
https://framerusercontent.com/assets/NHHeAKJVP0ZWHk5YZnQQChIsBM.woff2	assets/d7bab7a34bb732bf0db5f4cf0b2ff6be3229de16_NHHeAKJVP0ZWHk5YZnQQChIsBM.woff2	https://framerusercontent.com/assets/NHHeAKJVP0ZWHk5YZnQQChIsBM.woff2
https://framerusercontent.com/assets/NeGmSOXrPBfEFIy5YZeHq17LEDA.woff2	assets/dbba5ba05c03efc0cb5aac90bfd1cf6731605068_NeGmSOXrPBfEFIy5YZeHq17LEDA.woff2	https://framerusercontent.com/assets/NeGmSOXrPBfEFIy5YZeHq17LEDA.woff2
https://framerusercontent.com/assets/OYrD2tBIBPvoJXiIHnLoOXnY9M.woff2	assets/ea808fe7d65dd811142c50e072ead6554d745af4_OYrD2tBIBPvoJXiIHnLoOXnY9M.woff2	https://framerusercontent.com/assets/OYrD2tBIBPvoJXiIHnLoOXnY9M.woff2
https://framerusercontent.com/assets/Oyn2ZbENFdnW7mt2Lzjk1h9Zb9k.woff2	assets/4bca00b775ca0b915ae0d982d4b1ec2b02cc9306_Oyn2ZbENFdnW7mt2Lzjk1h9Zb9k.woff2	https://framerusercontent.com/assets/Oyn2ZbENFdnW7mt2Lzjk1h9Zb9k.woff2
https://framerusercontent.com/assets/P2Bw01CtL0b9wqygO0sSVogWbo.woff2	assets/f6380e18defb79bd7da0f3e4767cbfc64f5999d5_P2Bw01CtL0b9wqygO0sSVogWbo.woff2	https://framerusercontent.com/assets/P2Bw01CtL0b9wqygO0sSVogWbo.woff2
https://framerusercontent.com/assets/QxmhnWTzLtyjIiZcfaLIJ8EFBXU.woff2	assets/cc75eb3249435347cbb6da9a78acf344fa154856_QxmhnWTzLtyjIiZcfaLIJ8EFBXU.woff2	https://framerusercontent.com/assets/QxmhnWTzLtyjIiZcfaLIJ8EFBXU.woff2
https://framerusercontent.com/assets/VgYFWiwsAC5OYxAycRXXvhze58.woff2	assets/b6c8387871127c1ef5336c05349171aebe37795d_VgYFWiwsAC5OYxAycRXXvhze58.woff2	https://framerusercontent.com/assets/VgYFWiwsAC5OYxAycRXXvhze58.woff2
https://framerusercontent.com/assets/WZ367JPwf9bRW6LdTHN8rXgSjw.woff2	assets/78f4b8011b8394d0f7182cf260f76461813a328a_WZ367JPwf9bRW6LdTHN8rXgSjw.woff2	https://framerusercontent.com/assets/WZ367JPwf9bRW6LdTHN8rXgSjw.woff2
https://framerusercontent.com/assets/X5hj6qzcHUYv7h1390c8Rhm6550.woff2	assets/98e006a70b1f3949ce855bf8937b35ad282fd7bd_X5hj6qzcHUYv7h1390c8Rhm6550.woff2	https://framerusercontent.com/assets/X5hj6qzcHUYv7h1390c8Rhm6550.woff2
https://framerusercontent.com/assets/Y9k9QrlZAqio88Klkmbd8VoMQc.woff2	assets/bb12e146cad66be196e3909cef35b90bc6cbc5b3_Y9k9QrlZAqio88Klkmbd8VoMQc.woff2	https://framerusercontent.com/assets/Y9k9QrlZAqio88Klkmbd8VoMQc.woff2
https://framerusercontent.com/assets/b6Y37FthZeALduNqHicBT6FutY.woff2	assets/22b5f26fb6344f6d7b6c99a6d6493905df184eb8_b6Y37FthZeALduNqHicBT6FutY.woff2	https://framerusercontent.com/assets/b6Y37FthZeALduNqHicBT6FutY.woff2
https://framerusercontent.com/assets/b8ezwLrN7h2AUoPEENcsTMVJ0.woff2	assets/47619b842254222a340094e1873ef887d6a9e853_b8ezwLrN7h2AUoPEENcsTMVJ0.woff2	https://framerusercontent.com/assets/b8ezwLrN7h2AUoPEENcsTMVJ0.woff2
https://framerusercontent.com/assets/cRJyLNuTJR5jbyKzGi33wU9cqIQ.woff2	assets/44c62d91b0161abaf0412008c65ad4842416fba7_cRJyLNuTJR5jbyKzGi33wU9cqIQ.woff2	https://framerusercontent.com/assets/cRJyLNuTJR5jbyKzGi33wU9cqIQ.woff2
https://framerusercontent.com/assets/cdAe8hgZ1cMyLu9g005pAW3xMo.woff2	assets/b3ddf3f2cc6847f1a26f9c4ec38df14fd7b88f14_cdAe8hgZ1cMyLu9g005pAW3xMo.woff2	https://framerusercontent.com/assets/cdAe8hgZ1cMyLu9g005pAW3xMo.woff2
https://framerusercontent.com/assets/cugnVhSraaRyANCaUtI5FV17wk.woff2	assets/146bdc56fabab18543cee17cdb56dbd1a5be0447_cugnVhSraaRyANCaUtI5FV17wk.woff2	https://framerusercontent.com/assets/cugnVhSraaRyANCaUtI5FV17wk.woff2
https://framerusercontent.com/assets/efTfQcBJ53kM2pB1hezSZ3RDUFs.woff2	assets/eb965eb5ff78fee41131c5b53ffad497d4c77af8_efTfQcBJ53kM2pB1hezSZ3RDUFs.woff2	https://framerusercontent.com/assets/efTfQcBJ53kM2pB1hezSZ3RDUFs.woff2
https://framerusercontent.com/assets/fuyXZpVvOjq8NesCOfgirHCWyg.woff2	assets/e81c47b998b73340aab13b17a967e4d41dc42ef5_fuyXZpVvOjq8NesCOfgirHCWyg.woff2	https://framerusercontent.com/assets/fuyXZpVvOjq8NesCOfgirHCWyg.woff2
https://framerusercontent.com/assets/g0c8vEViiXNlKAgI4Ymmk3Ig.woff2	assets/517c055f25babd2846e998665c41f59fa1eee712_g0c8vEViiXNlKAgI4Ymmk3Ig.woff2	https://framerusercontent.com/assets/g0c8vEViiXNlKAgI4Ymmk3Ig.woff2
https://framerusercontent.com/assets/gQhNpS3tN86g8RcVKYUUaKt2oMQ.woff2	assets/d5262035fd33cafb90d00e5e226ed44b9aca9580_gQhNpS3tN86g8RcVKYUUaKt2oMQ.woff2	https://framerusercontent.com/assets/gQhNpS3tN86g8RcVKYUUaKt2oMQ.woff2
https://framerusercontent.com/assets/gcnfba68tfm7qAyrWRCf9r34jg.woff2	assets/443ebd64432f14be41e593f73214a7d85013c3ad_gcnfba68tfm7qAyrWRCf9r34jg.woff2	https://framerusercontent.com/assets/gcnfba68tfm7qAyrWRCf9r34jg.woff2
https://framerusercontent.com/assets/hyOgCu0Xnghbimh0pE8QTvtt2AU.woff2	assets/58bbd52279055a987f5d13cb4b0507a154351de9_hyOgCu0Xnghbimh0pE8QTvtt2AU.woff2	https://framerusercontent.com/assets/hyOgCu0Xnghbimh0pE8QTvtt2AU.woff2
https://framerusercontent.com/assets/ia3uin3hQWqDrVloC1zEtYHWw.woff2	assets/7342a84724f5f9dea8b848965755e782966c215a_ia3uin3hQWqDrVloC1zEtYHWw.woff2	https://framerusercontent.com/assets/ia3uin3hQWqDrVloC1zEtYHWw.woff2
https://framerusercontent.com/assets/jn4BtSPLlS0NDp1KiFAtFKiiY0o.woff2	assets/be7b738af6d399f0ad160a8c0c2fd0fc523af282_jn4BtSPLlS0NDp1KiFAtFKiiY0o.woff2	https://framerusercontent.com/assets/jn4BtSPLlS0NDp1KiFAtFKiiY0o.woff2
https://framerusercontent.com/assets/ky8ovPukK4dJ1Pxq74qGhOqCYI.woff2	assets/7047bd4cd605e8f1c5dfd3253bd46bd68c0b0713_ky8ovPukK4dJ1Pxq74qGhOqCYI.woff2	https://framerusercontent.com/assets/ky8ovPukK4dJ1Pxq74qGhOqCYI.woff2
https://framerusercontent.com/assets/lEJLP4R0yuCaMCjSXYHtJw72M.woff2	assets/a8071e6b982b880ea9f964f6814a2116e75cc295_lEJLP4R0yuCaMCjSXYHtJw72M.woff2	https://framerusercontent.com/assets/lEJLP4R0yuCaMCjSXYHtJw72M.woff2
https://framerusercontent.com/assets/mkY5Sgyq51ik0AMrSBwhm9DJg.woff2	assets/494370e42c163e52ea925af3af1da939f0853bfb_mkY5Sgyq51ik0AMrSBwhm9DJg.woff2	https://framerusercontent.com/assets/mkY5Sgyq51ik0AMrSBwhm9DJg.woff2
https://framerusercontent.com/assets/mvNEIBLyHbscgHtwfsByjXUz3XY.woff2	assets/0af6cca038004f817c05a490aa0eff1d0fd61e82_mvNEIBLyHbscgHtwfsByjXUz3XY.woff2	https://framerusercontent.com/assets/mvNEIBLyHbscgHtwfsByjXUz3XY.woff2
https://framerusercontent.com/assets/oYaAX5himiTPYuN8vLWnqBbfD2s.woff2	assets/8a68bceee10e985d45078d66510839fa2c207a69_oYaAX5himiTPYuN8vLWnqBbfD2s.woff2	https://framerusercontent.com/assets/oYaAX5himiTPYuN8vLWnqBbfD2s.woff2
https://framerusercontent.com/assets/pKRFNWFoZl77qYCAIp84lN1h944.woff2	assets/c55f5a8ab7ab5f7e2f4c61858113de604c7f0846_pKRFNWFoZl77qYCAIp84lN1h944.woff2	https://framerusercontent.com/assets/pKRFNWFoZl77qYCAIp84lN1h944.woff2
https://framerusercontent.com/assets/rZ5DdENNqIdFTIyQQiP5isO7M.woff2	assets/6fb1254aa26306552615399701429bad599e7c2f_rZ5DdENNqIdFTIyQQiP5isO7M.woff2	https://framerusercontent.com/assets/rZ5DdENNqIdFTIyQQiP5isO7M.woff2
https://framerusercontent.com/assets/syRNPWzAMIrcJ3wIlPIP43KjQs.woff2	assets/452fe1601f59f9e07fc1010b707b9de4fd3c63f2_syRNPWzAMIrcJ3wIlPIP43KjQs.woff2	https://framerusercontent.com/assets/syRNPWzAMIrcJ3wIlPIP43KjQs.woff2
https://framerusercontent.com/assets/tKtBcDnBMevsEEJKdNGhhkLzYo.woff2	assets/3fa31eded4a7c810368c5459b6027e93d6ff1686_tKtBcDnBMevsEEJKdNGhhkLzYo.woff2	https://framerusercontent.com/assets/tKtBcDnBMevsEEJKdNGhhkLzYo.woff2
https://framerusercontent.com/assets/tUSCtfYVM1I1IchuyCwz9gDdQ.woff2	assets/974fd13b31db360cb7b8121411fa67fdecc1eca9_tUSCtfYVM1I1IchuyCwz9gDdQ.woff2	https://framerusercontent.com/assets/tUSCtfYVM1I1IchuyCwz9gDdQ.woff2
https://framerusercontent.com/assets/u6gJwDuwB143kpNK1T1MDKDWkMc.woff2	assets/bba4fadd8b3a566a65b5abed4dde368f10314b07_u6gJwDuwB143kpNK1T1MDKDWkMc.woff2	https://framerusercontent.com/assets/u6gJwDuwB143kpNK1T1MDKDWkMc.woff2
https://framerusercontent.com/assets/vvNSqIj42qeQ2bvCRBIWKHscrc.woff2	assets/cfa0a2ea2d1ea9c51b09f4c91243308dd1be3825_vvNSqIj42qeQ2bvCRBIWKHscrc.woff2	https://framerusercontent.com/assets/vvNSqIj42qeQ2bvCRBIWKHscrc.woff2
https://framerusercontent.com/assets/vxBnBhH8768IFAXAb4Qf6wQHKs.woff2	assets/45d9a97649a8cb74aa250ba44cc0384c698b66ff_vxBnBhH8768IFAXAb4Qf6wQHKs.woff2	https://framerusercontent.com/assets/vxBnBhH8768IFAXAb4Qf6wQHKs.woff2
https://framerusercontent.com/assets/wccHG0r4gBDAIRhfHiOlq6oEkqw.woff2	assets/7b05451fe6ce2fa2814678bbad0dce7fe7a208b7_wccHG0r4gBDAIRhfHiOlq6oEkqw.woff2	https://framerusercontent.com/assets/wccHG0r4gBDAIRhfHiOlq6oEkqw.woff2
https://framerusercontent.com/assets/yDtI2UI8XcEg1W2je9XPN3Noo.woff2	assets/a113a1cb4f38240c5a5f5f9a7d5ec3ecd1f02577_yDtI2UI8XcEg1W2je9XPN3Noo.woff2	https://framerusercontent.com/assets/yDtI2UI8XcEg1W2je9XPN3Noo.woff2
https://framerusercontent.com/assets/zSsEuoJdh8mcFVk976C05ZfQr8.woff2	assets/05aecd81f0f15360b1873d717596d9d4a67ed632_zSsEuoJdh8mcFVk976C05ZfQr8.woff2	https://framerusercontent.com/assets/zSsEuoJdh8mcFVk976C05ZfQr8.woff2
https://framerusercontent.com/images/IGNOjSM0JKAoroda4JKx1ZrBVLw.png?scale-down-to=1024&amp;width=1920&amp;height=1440	assets/f192c6b4ace46365277d17dd2f609064545ae862_IGNOjSM0JKAoroda4JKx1ZrBVLw.png	https://framerusercontent.com/images/IGNOjSM0JKAoroda4JKx1ZrBVLw.png?scale-down-to=1024&width=1920&height=1440
https://framerusercontent.com/images/IGNOjSM0JKAoroda4JKx1ZrBVLw.png?scale-down-to=1024&width=1920&height=1440	assets/f192c6b4ace46365277d17dd2f609064545ae862_IGNOjSM0JKAoroda4JKx1ZrBVLw.png	https://framerusercontent.com/images/IGNOjSM0JKAoroda4JKx1ZrBVLw.png?scale-down-to=1024&width=1920&height=1440
https://framerusercontent.com/images/IGNOjSM0JKAoroda4JKx1ZrBVLw.png?scale-down-to=512&amp;width=1920&amp;height=1440	assets/ef8bc1d64fd31e662931c8a9138ad68a64916e80_IGNOjSM0JKAoroda4JKx1ZrBVLw.png	https://framerusercontent.com/images/IGNOjSM0JKAoroda4JKx1ZrBVLw.png?scale-down-to=512&width=1920&height=1440
https://framerusercontent.com/images/IGNOjSM0JKAoroda4JKx1ZrBVLw.png?scale-down-to=512&width=1920&height=1440	assets/ef8bc1d64fd31e662931c8a9138ad68a64916e80_IGNOjSM0JKAoroda4JKx1ZrBVLw.png	https://framerusercontent.com/images/IGNOjSM0JKAoroda4JKx1ZrBVLw.png?scale-down-to=512&width=1920&height=1440
https://framerusercontent.com/images/IGNOjSM0JKAoroda4JKx1ZrBVLw.png?width=1920&amp;height=1440	assets/edff9a709feb0da44fc3b439740ea34118848725_IGNOjSM0JKAoroda4JKx1ZrBVLw.png	https://framerusercontent.com/images/IGNOjSM0JKAoroda4JKx1ZrBVLw.png?width=1920&height=1440
https://framerusercontent.com/images/IGNOjSM0JKAoroda4JKx1ZrBVLw.png?width=1920&height=1440	assets/edff9a709feb0da44fc3b439740ea34118848725_IGNOjSM0JKAoroda4JKx1ZrBVLw.png	https://framerusercontent.com/images/IGNOjSM0JKAoroda4JKx1ZrBVLw.png?width=1920&height=1440
https://framerusercontent.com/images/Q6hw9RJ5OHI7NnuLdvNlfAUEM.png	assets/c2b65ce872860abc10dfafb34494b192529da45f_Q6hw9RJ5OHI7NnuLdvNlfAUEM.png	https://framerusercontent.com/images/Q6hw9RJ5OHI7NnuLdvNlfAUEM.png
https://framerusercontent.com/images/Q6hw9RJ5OHI7NnuLdvNlfAUEM.png?scale-down-to=1024&amp;width=1920&amp;height=1440	assets/7759599058b0cca407d3f496c07002f15ff9ea93_Q6hw9RJ5OHI7NnuLdvNlfAUEM.png	https://framerusercontent.com/images/Q6hw9RJ5OHI7NnuLdvNlfAUEM.png?scale-down-to=1024&width=1920&height=1440
https://framerusercontent.com/images/Q6hw9RJ5OHI7NnuLdvNlfAUEM.png?scale-down-to=1024&width=1920&height=1440	assets/7759599058b0cca407d3f496c07002f15ff9ea93_Q6hw9RJ5OHI7NnuLdvNlfAUEM.png	https://framerusercontent.com/images/Q6hw9RJ5OHI7NnuLdvNlfAUEM.png?scale-down-to=1024&width=1920&height=1440
https://framerusercontent.com/images/Q6hw9RJ5OHI7NnuLdvNlfAUEM.png?scale-down-to=512&amp;width=1920&amp;height=1440	assets/e064468778e2265575fc45d9f7f8e287f5980fee_Q6hw9RJ5OHI7NnuLdvNlfAUEM.png	https://framerusercontent.com/images/Q6hw9RJ5OHI7NnuLdvNlfAUEM.png?scale-down-to=512&width=1920&height=1440
https://framerusercontent.com/images/Q6hw9RJ5OHI7NnuLdvNlfAUEM.png?scale-down-to=512&width=1920&height=1440	assets/e064468778e2265575fc45d9f7f8e287f5980fee_Q6hw9RJ5OHI7NnuLdvNlfAUEM.png	https://framerusercontent.com/images/Q6hw9RJ5OHI7NnuLdvNlfAUEM.png?scale-down-to=512&width=1920&height=1440
https://framerusercontent.com/images/Q6hw9RJ5OHI7NnuLdvNlfAUEM.png?width=1920&amp;height=1440	assets/aa89244a177bbf35a3461a09b57d767d5c0595b8_Q6hw9RJ5OHI7NnuLdvNlfAUEM.png	https://framerusercontent.com/images/Q6hw9RJ5OHI7NnuLdvNlfAUEM.png?width=1920&height=1440
https://framerusercontent.com/images/Q6hw9RJ5OHI7NnuLdvNlfAUEM.png?width=1920&height=1440	assets/aa89244a177bbf35a3461a09b57d767d5c0595b8_Q6hw9RJ5OHI7NnuLdvNlfAUEM.png	https://framerusercontent.com/images/Q6hw9RJ5OHI7NnuLdvNlfAUEM.png?width=1920&height=1440
https://framerusercontent.com/images/gRnhI1cAe7Ze5xVavM11TTj3Y.png	assets/e3f5b05c26c6d67a2401bf3d840f367846cfa5d1_gRnhI1cAe7Ze5xVavM11TTj3Y.png	https://framerusercontent.com/images/gRnhI1cAe7Ze5xVavM11TTj3Y.png
https://framerusercontent.com/images/ucCdff4KmnvdcHARSTTD4HmM.png	assets/69dd8e2419465ee010412ea55e5be35c1e668adc_ucCdff4KmnvdcHARSTTD4HmM.png	https://framerusercontent.com/images/ucCdff4KmnvdcHARSTTD4HmM.png
https://framerusercontent.com/images/ucCdff4KmnvdcHARSTTD4HmM.png?scale-down-to=512&amp;width=1024&amp;height=1024	assets/d76b6fdc058735ebe3d3b58ebcfc72705c714730_ucCdff4KmnvdcHARSTTD4HmM.png	https://framerusercontent.com/images/ucCdff4KmnvdcHARSTTD4HmM.png?scale-down-to=512&width=1024&height=1024
https://framerusercontent.com/images/ucCdff4KmnvdcHARSTTD4HmM.png?width=1024&amp;height=1024	assets/928335cad9b39fe9df43a459161beefa658ec183_ucCdff4KmnvdcHARSTTD4HmM.png	https://framerusercontent.com/images/ucCdff4KmnvdcHARSTTD4HmM.png?width=1024&height=1024
https://framerusercontent.com/sites/7gF14LlYE4rMAJtJQ89k1j/Eji9e8aNf.CG3qpDZG.mjs	assets/7186d23d834d75b218aa49887dcf5852dbe00cf3_Eji9e8aNf.CG3qpDZG.mjs	https://framerusercontent.com/sites/7gF14LlYE4rMAJtJQ89k1j/Eji9e8aNf.CG3qpDZG.mjs
https://framerusercontent.com/sites/7gF14LlYE4rMAJtJQ89k1j/K6b9Gs3AVUIfhKkYSjnvwLALXeTh48OsttzgJ9TEhKI.BeIUW0fe.mjs	assets/c55108b22b194963eb2cb3d63b8bec3a34b8dc3e_K6b9Gs3AVUIfhKkYSjnvwLALXeTh48OsttzgJ9TEhKI.BeIUW0fe.mjs	https://framerusercontent.com/sites/7gF14LlYE4rMAJtJQ89k1j/K6b9Gs3AVUIfhKkYSjnvwLALXeTh48OsttzgJ9TEhKI.BeIUW0fe.mjs
https://framerusercontent.com/sites/7gF14LlYE4rMAJtJQ89k1j/O37Bzv5zI.5UewO3L2.mjs	assets/c743a5648ff72206391a0e5bf76c27132cc7fb08_O37Bzv5zI.5UewO3L2.mjs	https://framerusercontent.com/sites/7gF14LlYE4rMAJtJQ89k1j/O37Bzv5zI.5UewO3L2.mjs
https://framerusercontent.com/sites/7gF14LlYE4rMAJtJQ89k1j/QHsZGkb1s.BiWQQtyx.mjs	assets/01e00c375089243cffb4a0734b538f87c6bdbc05_QHsZGkb1s.BiWQQtyx.mjs	https://framerusercontent.com/sites/7gF14LlYE4rMAJtJQ89k1j/QHsZGkb1s.BiWQQtyx.mjs
https://framerusercontent.com/sites/7gF14LlYE4rMAJtJQ89k1j/S05E3gKH6.N7RpNSK-.mjs	assets/95278e4614e8336e0d7fcafe54186930023dac18_S05E3gKH6.N7RpNSK-.mjs	https://framerusercontent.com/sites/7gF14LlYE4rMAJtJQ89k1j/S05E3gKH6.N7RpNSK-.mjs
https://framerusercontent.com/sites/7gF14LlYE4rMAJtJQ89k1j/SiziyDfFp.BPOQ0BER.mjs	assets/ad8c1f2f72464e320acb4b8ad40dfff77a35dbfe_SiziyDfFp.BPOQ0BER.mjs	https://framerusercontent.com/sites/7gF14LlYE4rMAJtJQ89k1j/SiziyDfFp.BPOQ0BER.mjs
https://framerusercontent.com/sites/7gF14LlYE4rMAJtJQ89k1j/Sz9S4_GWH.K8GErw0e.mjs	assets/a35f2e4dc46ace003565e3276343ed0de590db38_Sz9S4_GWH.K8GErw0e.mjs	https://framerusercontent.com/sites/7gF14LlYE4rMAJtJQ89k1j/Sz9S4_GWH.K8GErw0e.mjs
https://framerusercontent.com/sites/7gF14LlYE4rMAJtJQ89k1j/TMY2tIZqI.BbD5hdg-.mjs	assets/89d4f66a9cc8b260102dd4d9f48dec02c432c1ab_TMY2tIZqI.BbD5hdg-.mjs	https://framerusercontent.com/sites/7gF14LlYE4rMAJtJQ89k1j/TMY2tIZqI.BbD5hdg-.mjs
https://framerusercontent.com/sites/7gF14LlYE4rMAJtJQ89k1j/WV5aIdxla.BRZ3QVKG.mjs	assets/fd70edbca33c98dc0408d5e5ee849e5d8fa2c69a_WV5aIdxla.BRZ3QVKG.mjs	https://framerusercontent.com/sites/7gF14LlYE4rMAJtJQ89k1j/WV5aIdxla.BRZ3QVKG.mjs
https://framerusercontent.com/sites/7gF14LlYE4rMAJtJQ89k1j/WdNkl0JPc.DfhK6DI3.mjs	assets/cbe7ee013114280a6340a474fc61c65eaa4b05fd_WdNkl0JPc.DfhK6DI3.mjs	https://framerusercontent.com/sites/7gF14LlYE4rMAJtJQ89k1j/WdNkl0JPc.DfhK6DI3.mjs
https://framerusercontent.com/sites/7gF14LlYE4rMAJtJQ89k1j/aAdohScXF.l5cOXrLF.mjs	assets/483ba1bc6b21c4bfe1bb6c8656ee34d29f6247f9_aAdohScXF.l5cOXrLF.mjs	https://framerusercontent.com/sites/7gF14LlYE4rMAJtJQ89k1j/aAdohScXF.l5cOXrLF.mjs
https://framerusercontent.com/sites/7gF14LlYE4rMAJtJQ89k1j/fdldKf5t1.Czx1hE93.mjs	assets/96e1a44c7a3aa28f3bdbb663ff153d719c4a1997_fdldKf5t1.Czx1hE93.mjs	https://framerusercontent.com/sites/7gF14LlYE4rMAJtJQ89k1j/fdldKf5t1.Czx1hE93.mjs
https://framerusercontent.com/sites/7gF14LlYE4rMAJtJQ89k1j/framer.BCFHK2uD.mjs	assets/5ba94921e60f698035edec04dc57609f86b4f75c_framer.BCFHK2uD.mjs	https://framerusercontent.com/sites/7gF14LlYE4rMAJtJQ89k1j/framer.BCFHK2uD.mjs
https://framerusercontent.com/sites/7gF14LlYE4rMAJtJQ89k1j/lyp4ejQRr.DzOBdAn8.mjs	assets/7dba1f8c4c91833101f7b9f5d5e75f258ec0ece8_lyp4ejQRr.DzOBdAn8.mjs	https://framerusercontent.com/sites/7gF14LlYE4rMAJtJQ89k1j/lyp4ejQRr.DzOBdAn8.mjs
https://framerusercontent.com/sites/7gF14LlYE4rMAJtJQ89k1j/m2xQ4XX2C.CJbZ7ixQ.mjs	assets/3bcd08055576fd4138c5b39f3e276f81e85444ff_m2xQ4XX2C.CJbZ7ixQ.mjs	https://framerusercontent.com/sites/7gF14LlYE4rMAJtJQ89k1j/m2xQ4XX2C.CJbZ7ixQ.mjs
https://framerusercontent.com/sites/7gF14LlYE4rMAJtJQ89k1j/motion.DnDeSDf7.mjs	assets/8d36a00dc18c1f15607603f601b9180f130eaaaa_motion.DnDeSDf7.mjs	https://framerusercontent.com/sites/7gF14LlYE4rMAJtJQ89k1j/motion.DnDeSDf7.mjs
https://framerusercontent.com/sites/7gF14LlYE4rMAJtJQ89k1j/n9jrpPEGX.NQyL_ik4.mjs	assets/caa7ebee6445cc59aca3cecfd31d39d4025be9be_n9jrpPEGX.NQyL_ik4.mjs	https://framerusercontent.com/sites/7gF14LlYE4rMAJtJQ89k1j/n9jrpPEGX.NQyL_ik4.mjs
https://framerusercontent.com/sites/7gF14LlYE4rMAJtJQ89k1j/nZIMpa9h8.DBL7rrW8.mjs	assets/aec89555fbd428a0df820f151452776c4e0d9834_nZIMpa9h8.DBL7rrW8.mjs	https://framerusercontent.com/sites/7gF14LlYE4rMAJtJQ89k1j/nZIMpa9h8.DBL7rrW8.mjs
https://framerusercontent.com/sites/7gF14LlYE4rMAJtJQ89k1j/react.CjbvvlEs.mjs	assets/1145cba51858ad5fa2626ce59e08c07840e4d3f7_react.CjbvvlEs.mjs	https://framerusercontent.com/sites/7gF14LlYE4rMAJtJQ89k1j/react.CjbvvlEs.mjs
https://framerusercontent.com/sites/7gF14LlYE4rMAJtJQ89k1j/rolldown-runtime.BvHXOKAc.mjs	assets/442e69db309da679671792f4d9f0f8c7136ab73f_rolldown-runtime.BvHXOKAc.mjs	https://framerusercontent.com/sites/7gF14LlYE4rMAJtJQ89k1j/rolldown-runtime.BvHXOKAc.mjs
https://framerusercontent.com/sites/7gF14LlYE4rMAJtJQ89k1j/script_main.-S3GBMI2.mjs	assets/bbb86c468156b95a1c1208294e2d0f4c6b27457a_script_main.-S3GBMI2.mjs	https://framerusercontent.com/sites/7gF14LlYE4rMAJtJQ89k1j/script_main.-S3GBMI2.mjs
https://framerusercontent.com/sites/7gF14LlYE4rMAJtJQ89k1j/searchIndex-CGIcVHnPljaU.json	assets/691549ad714adda4907baa7d511d9bf568cb8e43_searchIndex-CGIcVHnPljaU.json	https://framerusercontent.com/sites/7gF14LlYE4rMAJtJQ89k1j/searchIndex-CGIcVHnPljaU.json
https://framerusercontent.com/sites/7gF14LlYE4rMAJtJQ89k1j/searchIndex-VkpxHm3ycjCj.json	assets/69c9603b495854aea132c0605c2f1c0d2c1694b2_searchIndex-VkpxHm3ycjCj.json	https://framerusercontent.com/sites/7gF14LlYE4rMAJtJQ89k1j/searchIndex-VkpxHm3ycjCj.json
https://framerusercontent.com/sites/7gF14LlYE4rMAJtJQ89k1j/shared-lib.BVSOLnxg.mjs	assets/e977c0751465c23731d0bf575a793dbf189df302_shared-lib.BVSOLnxg.mjs	https://framerusercontent.com/sites/7gF14LlYE4rMAJtJQ89k1j/shared-lib.BVSOLnxg.mjs
https://framerusercontent.com/sites/7gF14LlYE4rMAJtJQ89k1j/umXNQhy9r.D8zUu5bg.mjs	assets/e701e0caf433f6135490a62595c3acf4f885cd59_umXNQhy9r.D8zUu5bg.mjs	https://framerusercontent.com/sites/7gF14LlYE4rMAJtJQ89k1j/umXNQhy9r.D8zUu5bg.mjs
https://framerusercontent.com/sites/7gF14LlYE4rMAJtJQ89k1j/xYEC_wF3E.DURn-QeW.mjs	assets/e5c704b5bda1902cb6d3a6663887286a44fc67bf_xYEC_wF3E.DURn-QeW.mjs	https://framerusercontent.com/sites/7gF14LlYE4rMAJtJQ89k1j/xYEC_wF3E.DURn-QeW.mjs
https://framerusercontent.com/third-party-assets/fontshare/wf/2UC2M25RQ2XRSGCBJRQ2G5SNXCROECQB/QJT3T33NN372363FJY5EO5D63GKDKLDK/IOAFMDAPNX3S6OL2GYQQJ2FFJIRSVB3N.woff2	assets/66069d9765ceaf7aae4148b2e6fac004fdac1cdc_IOAFMDAPNX3S6OL2GYQQJ2FFJIRSVB3N.woff2	https://framerusercontent.com/third-party-assets/fontshare/wf/2UC2M25RQ2XRSGCBJRQ2G5SNXCROECQB/QJT3T33NN372363FJY5EO5D63GKDKLDK/IOAFMDAPNX3S6OL2GYQQJ2FFJIRSVB3N.woff2
https://framerusercontent.com/third-party-assets/fontshare/wf/5SZVFDB7V52TI6ULVC6J3WQZQCIZVDV5/ODYPSTCUDMKSTYIPTV4CLQ7URIK7XYBJ/YS3VPNVO4B3TOJMEXDGFZQ4TLZGGSRZC.woff2	assets/ca34719f6fbee1ab77548331a46a20b54f4b2d11_YS3VPNVO4B3TOJMEXDGFZQ4TLZGGSRZC.woff2	https://framerusercontent.com/third-party-assets/fontshare/wf/5SZVFDB7V52TI6ULVC6J3WQZQCIZVDV5/ODYPSTCUDMKSTYIPTV4CLQ7URIK7XYBJ/YS3VPNVO4B3TOJMEXDGFZQ4TLZGGSRZC.woff2
https://framerusercontent.com/third-party-assets/fontshare/wf/A54N3N7J5AY6YOPYJKLHF5VH7G7HSSUN/ERWIWIB434FMFHQFSSBD233EP3C62HOI/TOHQHMLIEIPKVF2JPM6SVKXFYGO5G2TJ.woff2	assets/6612fc82f676de7b7e3d0e5457a3db013b5e3a15_TOHQHMLIEIPKVF2JPM6SVKXFYGO5G2TJ.woff2	https://framerusercontent.com/third-party-assets/fontshare/wf/A54N3N7J5AY6YOPYJKLHF5VH7G7HSSUN/ERWIWIB434FMFHQFSSBD233EP3C62HOI/TOHQHMLIEIPKVF2JPM6SVKXFYGO5G2TJ.woff2
https://framerusercontent.com/third-party-assets/fontshare/wf/FQHNKZEV35SAMFWVFCFSORJXUNHNILL4/X4YCR4COAQTK5XB6JCDDBS7Q33AQWUAE/J7XVDQ2IJENINPUAVBDJNH3VEXVDSPQQ.woff2	assets/370e06a609ff317b4a6adf4961502c2931a265d2_J7XVDQ2IJENINPUAVBDJNH3VEXVDSPQQ.woff2	https://framerusercontent.com/third-party-assets/fontshare/wf/FQHNKZEV35SAMFWVFCFSORJXUNHNILL4/X4YCR4COAQTK5XB6JCDDBS7Q33AQWUAE/J7XVDQ2IJENINPUAVBDJNH3VEXVDSPQQ.woff2
https://framerusercontent.com/third-party-assets/fontshare/wf/HBNTRIISA5MEXGL5WPYI7CV2HIWTDV3Q/YDPDINVT673XLXNSTMLG4JNCZZMVVNPN/Y7SCNZJOT2MW5ADSGOFLDGH4TNL4JCQY.woff2	assets/98a86f6e8755d9780d44e0c21525a8305fbd55eb_Y7SCNZJOT2MW5ADSGOFLDGH4TNL4JCQY.woff2	https://framerusercontent.com/third-party-assets/fontshare/wf/HBNTRIISA5MEXGL5WPYI7CV2HIWTDV3Q/YDPDINVT673XLXNSTMLG4JNCZZMVVNPN/Y7SCNZJOT2MW5ADSGOFLDGH4TNL4JCQY.woff2
https://framerusercontent.com/third-party-assets/fontshare/wf/LVPXCMXCWY3V7PSXRMGRQUJDAS2DT47E/BPEVRT2HG7PPVVUS7A67MZQQZW6LR6A5/A7AS3UPAGLC7MDVC67SBNTE5FGF2Z2RG.woff2	assets/79795a27e2dc761b8776dfa972826d365cdafbfe_A7AS3UPAGLC7MDVC67SBNTE5FGF2Z2RG.woff2	https://framerusercontent.com/third-party-assets/fontshare/wf/LVPXCMXCWY3V7PSXRMGRQUJDAS2DT47E/BPEVRT2HG7PPVVUS7A67MZQQZW6LR6A5/A7AS3UPAGLC7MDVC67SBNTE5FGF2Z2RG.woff2
https://framerusercontent.com/third-party-assets/fontshare/wf/OYB4CXKJQXKTNSLJMTDQOIVUL2V5EL7S/WYO2P7DQVV5RNXGMCUO2HL4RJP4VFUAS/6XPIMU23OJVRY676OG5YVJMWEHWICATX.woff2	assets/3ca908f0689eaf1f8fc3d6f8516f37c25e009c47_6XPIMU23OJVRY676OG5YVJMWEHWICATX.woff2	https://framerusercontent.com/third-party-assets/fontshare/wf/OYB4CXKJQXKTNSLJMTDQOIVUL2V5EL7S/WYO2P7DQVV5RNXGMCUO2HL4RJP4VFUAS/6XPIMU23OJVRY676OG5YVJMWEHWICATX.woff2
https://framerusercontent.com/third-party-assets/fontshare/wf/QMRBNVYKDJEZ66DA22SPWH5EVVYACHCU/ZHMXHHA546NDNEHJN5RPZX5KISJY5CWF/C6VLICDGQWYKV6YT65TM5G3OVN4AOZBN.woff2	assets/1894d354ff66751c4685b7021bb03bb688074095_C6VLICDGQWYKV6YT65TM5G3OVN4AOZBN.woff2	https://framerusercontent.com/third-party-assets/fontshare/wf/QMRBNVYKDJEZ66DA22SPWH5EVVYACHCU/ZHMXHHA546NDNEHJN5RPZX5KISJY5CWF/C6VLICDGQWYKV6YT65TM5G3OVN4AOZBN.woff2
